,precision,recall,f1-score,support
0,0.8706697459584296,0.9921052631578947,0.9274292742927429,380.0
1,0.625,0.08196721311475409,0.14492753623188406,61.0
accuracy,0.8662131519274376,0.8662131519274376,0.8662131519274376,0.8662131519274376
macro avg,0.7478348729792148,0.5370362381363244,0.5361784052623135,441.0
weighted avg,0.8366882164721162,0.8662131519274376,0.8191920724294495,441.0
